Date,Index_Value
2015-07-06,100.0
2015-09-30,101.768464
2015-10-01,101.495215
2015-10-02,103.206994
2015-10-05,105.597059
2015-10-06,105.615479
2015-10-07,106.578121
2015-10-08,107.545658
2015-10-09,107.643333
2015-10-12,107.006655
2015-10-13,106.661912
2015-10-14,106.368556
2015-10-15,107.243237
2015-10-16,107.555082
2015-10-19,107.996837
2015-10-20,107.435166
2015-10-21,108.349476
2015-10-22,111.086892
2015-10-23,111.744824
2015-10-26,111.219137
2015-10-27,111.11849
2015-10-28,111.862455
2015-10-29,111.506136
2015-10-30,111.480528
2015-11-02,112.397543
2015-11-03,113.024661
2015-11-04,112.58204
2015-11-05,112.217159
2015-11-06,111.784643
2015-11-09,110.588261
2015-11-10,110.477988
2015-11-11,110.646326
2015-11-12,109.434123
2015-11-13,108.724988
2015-11-16,110.225779
2015-11-17,110.617121
2015-11-18,112.348522
2015-11-19,112.764022
2015-11-20,113.07785
2015-11-23,113.097383
2015-11-24,113.448713
2015-11-25,113.433004
2015-11-27,113.526116
2015-11-30,113.342497
2015-12-01,114.196548
2015-12-02,112.994884
2015-12-03,112.017042
2015-12-04,114.232361
2015-12-07,114.018586
2015-12-08,113.312621
2015-12-09,111.886783
2015-12-10,112.742563
2015-12-11,111.087494
2015-12-14,111.5862
2015-12-15,112.772218
2015-12-16,114.684857
2015-12-17,113.337093
2015-12-18,111.599803
2015-12-21,112.914033
2015-12-22,114.334743
2015-12-23,115.357021
2015-12-24,115.439242
2015-12-28,115.264197
2015-12-29,116.203458
2015-12-30,115.61233
2015-12-31,114.25455
2015-12-31,113.027122
2016-01-04,111.918912
2016-01-05,112.427564
2016-01-06,111.195399
2016-01-07,109.04543
2016-01-08,107.775591
2016-01-11,108.671666
2016-01-12,109.3479
2016-01-13,107.273553
2016-01-14,108.400111
2016-01-15,106.395866
2016-01-19,106.898068
2016-01-20,105.188743
2016-01-21,106.726719
2016-01-22,108.196438
2016-01-25,107.477363
2016-01-26,108.466816
2016-01-27,108.234823
2016-01-28,108.3546
2016-01-29,110.798862
2016-02-01,110.95153
2016-02-02,109.04927
2016-02-03,110.133128
2016-02-04,110.061204
2016-02-05,108.588582
2016-02-08,107.331063
2016-02-09,107.480365
2016-02-10,107.067239
2016-02-11,105.989114
2016-02-12,107.553275
2016-02-16,108.743926
2016-02-17,110.058105
2016-02-18,109.872182
2016-02-19,109.99504
2016-02-22,111.157449
2016-02-23,110.671057
2016-02-24,111.479217
2016-02-25,112.656971
2016-02-26,112.127768
2016-02-29,111.918759
2016-03-01,113.843477
2016-03-02,114.347817
2016-03-03,115.024531
2016-03-04,115.410526
2016-03-07,115.758764
2016-03-08,115.267115
2016-03-09,115.634302
2016-03-10,115.84687
2016-03-11,117.399237
2016-03-14,117.821735
2016-03-15,117.492733
2016-03-16,118.246814
2016-03-17,119.233842
2016-03-18,119.567358
2016-03-21,119.546477
2016-03-22,119.362761
2016-03-23,118.890639
2016-03-24,119.617342
2016-03-28,119.768463
2016-03-29,121.015461
2016-03-30,121.479083
2016-03-31,121.147086
2016-03-31,120.83634
2016-04-01,121.517493
2016-04-04,121.216578
2016-04-05,120.409316
2016-04-06,121.215592
2016-04-07,119.970236
2016-04-08,120.174314
2016-04-11,119.497058
2016-04-12,120.546732
2016-04-13,121.254819
2016-04-14,121.135779
2016-04-15,121.469845
2016-04-18,121.994387
2016-04-19,122.822556
2016-04-20,122.333341
2016-04-21,121.416227
2016-04-22,121.712674
2016-04-25,121.796651
2016-04-26,121.788515
2016-04-27,122.346316
2016-04-28,121.558532
2016-04-29,121.006193
2016-05-02,121.831923
2016-05-03,121.125954
2016-05-04,120.646337
2016-05-05,120.127398
2016-05-06,120.743722
2016-05-09,120.707508
2016-05-10,121.85333
2016-05-11,120.589786
2016-05-12,120.939012
2016-05-13,119.494826
2016-05-16,120.229932
2016-05-17,119.029559
2016-05-18,117.819123
2016-05-19,118.095515
2016-05-20,118.744559
2016-05-23,118.413604
2016-05-24,119.639469
2016-05-25,120.223149
2016-05-26,120.393333
2016-05-27,120.68768
2016-05-31,120.387363
2016-06-01,120.650169
2016-06-02,120.944566
2016-06-03,121.07764
2016-06-06,121.680234
2016-06-07,121.777497
2016-06-08,122.570247
2016-06-09,122.802156
2016-06-10,122.599773
2016-06-13,121.849077
2016-06-14,121.922447
2016-06-15,121.769362
2016-06-16,122.250226
2016-06-17,122.028834
2016-06-20,122.614202
2016-06-21,122.999235
2016-06-22,123.114976
2016-06-23,124.266477
2016-06-24,121.271621
2016-06-27,120.387584
2016-06-28,121.600471
2016-06-29,123.410474
2016-06-30,125.042249
2016-06-30,126.510951
2016-07-01,126.749798
2016-07-05,130.568502
2016-07-06,131.108024
2016-07-07,131.078831
2016-07-08,132.446862
2016-07-11,132.653517
2016-07-12,132.996751
2016-07-13,133.38472
2016-07-14,133.656754
2016-07-15,133.506549
2016-07-18,133.634593
2016-07-19,133.828067
2016-07-20,134.187019
2016-07-21,133.668026
2016-07-22,134.29002
2016-07-25,134.195775
2016-07-26,133.650193
2016-07-27,133.140714
2016-07-28,133.099254
2016-07-29,133.31637
2016-08-01,133.24052
2016-08-02,132.490874
2016-08-03,132.244646
2016-08-04,132.401775
2016-08-05,132.867552
2016-08-08,132.590138
2016-08-09,132.49042
2016-08-10,131.839453
2016-08-11,132.304281
2016-08-12,132.514696
2016-08-15,132.559411
2016-08-16,131.849703
2016-08-17,131.867308
2016-08-18,132.058644
2016-08-19,131.7812
2016-08-22,131.657129
2016-08-23,131.556454
2016-08-24,131.23986
2016-08-25,130.781324
2016-08-26,130.291423
2016-08-29,131.062846
2016-08-30,130.361573
2016-08-31,130.293595
2016-09-01,130.626806
2016-09-02,130.959971
2016-09-06,131.263768
2016-09-07,131.019893
2016-09-08,130.545755
2016-09-09,127.738464
2016-09-12,129.578403
2016-09-13,127.748687
2016-09-14,127.498407
2016-09-15,128.804229
2016-09-16,128.659036
2016-09-19,128.449612
2016-09-20,128.48073
2016-09-21,129.646373
2016-09-22,130.222909
2016-09-23,129.734451
2016-09-26,128.553851
2016-09-27,129.703038
2016-09-28,129.571926
2016-09-29,128.428377
2016-09-30,129.69374
2016-09-30,130.958695
2016-10-03,130.621748
2016-10-04,129.92975
2016-10-05,129.956564
2016-10-06,129.624671
2016-10-07,129.886219
2016-10-10,130.388739
2016-10-11,128.964344
2016-10-12,129.081096
2016-10-13,128.871012
2016-10-14,128.714961
2016-10-17,128.376987
2016-10-18,129.28649
2016-10-19,128.939091
2016-10-20,128.90983
2016-10-21,128.577906
2016-10-24,129.044894
2016-10-25,128.928875
2016-10-26,128.565005
2016-10-27,128.327086
2016-10-28,127.627893
2016-10-31,127.364633
2016-11-01,126.327584
2016-11-02,125.972251
2016-11-03,125.49583
2016-11-04,125.135265
2016-11-07,127.218143
2016-11-08,127.898647
2016-11-09,128.903047
2016-11-10,128.361403
2016-11-11,128.065537
2016-11-14,127.794138
2016-11-15,128.708991
2016-11-16,129.015278
2016-11-17,129.186201
2016-11-18,128.595852
2016-11-21,129.343697
2016-11-22,129.588688
2016-11-23,129.168279
2016-11-25,130.085157
2016-11-28,129.543118
2016-11-29,130.105363
2016-11-30,128.737447
2016-12-01,127.790085
2016-12-02,128.34049
2016-12-05,128.528126
2016-12-06,128.719109
2016-12-07,129.75234
2016-12-08,129.78552
2016-12-09,130.605182
2016-12-12,131.56265
2016-12-13,132.563874
2016-12-14,131.474652
2016-12-15,132.433676
2016-12-16,132.849795
2016-12-19,133.126409
2016-12-20,133.263852
2016-12-21,132.764685
2016-12-22,132.587735
2016-12-23,132.896933
2016-12-27,132.93849
2016-12-28,132.13827
2016-12-29,132.466444
2016-12-30,131.881919
2016-12-30,131.258132
2017-01-03,132.005252
2017-01-04,132.255226
2017-01-05,132.595371
2017-01-06,132.368626
2017-01-09,132.230753
2017-01-10,132.080423
2017-01-11,132.032874
2017-01-12,131.973737
2017-01-13,132.004069
2017-01-17,132.361443
2017-01-18,131.918373
2017-01-19,131.235978
2017-01-20,131.686981
2017-01-23,131.406827
2017-01-24,131.335678
2017-01-25,132.118776
2017-01-26,131.754286
2017-01-27,131.783825
2017-01-30,131.699013
2017-01-31,132.235891
2017-02-01,132.036266
2017-02-02,132.435028
2017-02-03,132.85837
2017-02-06,132.621248
2017-02-07,132.932431
2017-02-08,133.372535
2017-02-09,133.957601
2017-02-10,133.868037
2017-02-13,134.203397
2017-02-14,134.785593
2017-02-15,135.745859
2017-02-16,136.038599
2017-02-17,136.233715
2017-02-21,137.358787
2017-02-22,137.296807
2017-02-23,137.819619
2017-02-24,138.718428
2017-02-27,138.362796
2017-02-28,137.407758
2017-03-01,138.295711
2017-03-02,138.350301
2017-03-03,137.959086
2017-03-06,137.450615
2017-03-07,136.938273
2017-03-08,136.701446
2017-03-09,137.145167
2017-03-10,137.719729
2017-03-13,137.665423
2017-03-14,137.591318
2017-03-15,138.898351
2017-03-16,138.580469
2017-03-17,138.515884
2017-03-20,138.542175
2017-03-21,138.042251
2017-03-22,138.283198
2017-03-23,137.939854
2017-03-24,137.999295
2017-03-27,138.034293
2017-03-28,138.449794
2017-03-29,138.569397
2017-03-30,138.901714
2017-03-31,138.369851
2017-03-31,137.932642
2017-04-03,138.009771
2017-04-04,138.416747
2017-04-05,138.089611
2017-04-06,138.168363
2017-04-07,138.214251
2017-04-10,138.369947
2017-04-11,137.973069
2017-04-12,137.991111
2017-04-13,137.228944
2017-04-17,137.778654
2017-04-18,137.58405
2017-04-19,137.844279
2017-04-20,138.80993
2017-04-21,138.691127
2017-04-24,139.717079
2017-04-25,140.029759
2017-04-26,140.201238
2017-04-27,140.823415
2017-04-28,140.981663
2017-05-01,141.200888
2017-05-02,141.371257
2017-05-03,141.094037
2017-05-04,141.09816
2017-05-05,141.704191
2017-05-08,141.861269
2017-05-09,141.779304
2017-05-10,142.21868
2017-05-11,142.087395
2017-05-12,142.072374
2017-05-15,142.710209
2017-05-16,142.418637
2017-05-17,140.493525
2017-05-18,141.45935
2017-05-19,142.232055
2017-05-22,142.900076
2017-05-23,143.063753
2017-05-24,143.569088
2017-05-25,144.397634
2017-05-26,144.745675
2017-05-30,145.136386
2017-05-31,145.738859
2017-06-01,146.505218
2017-06-02,146.913564
2017-06-05,147.009984
2017-06-06,146.930904
2017-06-07,147.213992
2017-06-08,146.805561
2017-06-09,146.559645
2017-06-12,146.175327
2017-06-13,146.590425
2017-06-14,146.543094
2017-06-15,146.288002
2017-06-16,146.164168
2017-06-19,146.976425
2017-06-20,146.22898
2017-06-21,146.45958
2017-06-22,146.473819
2017-06-23,146.595914
2017-06-26,146.418931
2017-06-27,145.021462
2017-06-28,146.069647
2017-06-29,144.43752
2017-06-30,144.537848
2017-06-30,144.822387
2017-07-03,144.950022
2017-07-05,145.109621
2017-07-06,144.051259
2017-07-07,144.602432
2017-07-10,144.126037
2017-07-11,144.082765
2017-07-12,145.172693
2017-07-13,145.763944
2017-07-14,146.432587
2017-07-17,146.309722
2017-07-18,146.802217
2017-07-19,147.532727
2017-07-20,147.969072
2017-07-21,147.473177
2017-07-24,147.468771
2017-07-25,148.252186
2017-07-26,148.617152
2017-07-27,149.185389
2017-07-28,148.450249
2017-07-31,148.808013
2017-08-01,149.525239
2017-08-02,149.738318
2017-08-03,149.91245
2017-08-04,149.901488
2017-08-07,150.199018
2017-08-08,150.170977
2017-08-09,149.474753
2017-08-10,147.515856
2017-08-11,147.55014
2017-08-14,148.689644
2017-08-15,148.845622
2017-08-16,149.506153
2017-08-17,147.720446
2017-08-18,147.4017
2017-08-21,147.81353
2017-08-22,149.17197
2017-08-23,148.556674
2017-08-24,147.757588
2017-08-25,148.091658
2017-08-28,148.074999
2017-08-29,148.541835
2017-08-30,148.709967
2017-08-31,149.407313
2017-09-01,149.884898
2017-09-05,150.093294
2017-09-06,150.548174
2017-09-07,150.788553
2017-09-08,149.910346
2017-09-11,151.446824
2017-09-12,151.677643
2017-09-13,152.118909
2017-09-14,151.911325
2017-09-15,151.846866
2017-09-18,151.84794
2017-09-19,152.053034
2017-09-20,152.367938
2017-09-21,151.482194
2017-09-22,151.493789
2017-09-25,151.056451
2017-09-26,150.936816
2017-09-27,150.912299
2017-09-28,150.983295
2017-09-29,151.101808
2017-09-29,151.240325
2017-10-02,151.933525
2017-10-03,152.55228
2017-10-04,152.832856
2017-10-05,153.42297
2017-10-06,152.800043
2017-10-09,152.546843
2017-10-10,153.562846
2017-10-11,154.168402
2017-10-12,153.534993
2017-10-13,153.784406
2017-10-16,153.798706
2017-10-17,154.356604
2017-10-18,154.165851
2017-10-19,154.577293
2017-10-20,155.124255
2017-10-23,155.413959
2017-10-24,155.337406
2017-10-25,154.883713
2017-10-26,155.362841
2017-10-27,155.20647
2017-10-30,154.336645
2017-10-31,154.043775
2017-11-01,154.615572
2017-11-02,154.74054
2017-11-03,156.074084
2017-11-06,155.866815
2017-11-07,156.277145
2017-11-08,156.919717
2017-11-09,157.077484
2017-11-10,157.521727
2017-11-13,158.139957
2017-11-14,158.252448
2017-11-15,157.204064
2017-11-16,158.937463
2017-11-17,158.258693
2017-11-20,158.531477
2017-11-21,159.312505
2017-11-22,159.094585
2017-11-24,159.322436
2017-11-27,159.454314
2017-11-28,161.116383
2017-11-29,162.326516
2017-11-30,163.67155
2017-12-01,163.634479
2017-12-04,164.374252
2017-12-05,163.73075
2017-12-06,163.686735
2017-12-07,163.4562
2017-12-08,163.947443
2017-12-11,164.4136
2017-12-12,164.83468
2017-12-13,165.2123
2017-12-14,164.692257
2017-12-15,165.950724
2017-12-18,166.120668
2017-12-19,165.595429
2017-12-20,165.411759
2017-12-21,165.739047
2017-12-22,165.577802
2017-12-26,165.758551
2017-12-27,166.002096
2017-12-28,166.389585
2017-12-29,165.623013
2017-12-29,164.880122
2018-01-02,165.609256
2018-01-03,166.383509
2018-01-04,167.034931
2018-01-05,168.027792
2018-01-08,168.418667
2018-01-09,168.655162
2018-01-10,169.104718
2018-01-11,169.856353
2018-01-12,170.888349
2018-01-16,170.637286
2018-01-17,172.525539
2018-01-18,172.780973
2018-01-19,173.583146
2018-01-22,174.440478
2018-01-23,173.971873
2018-01-24,174.016726
2018-01-25,174.956501
2018-01-26,176.347533
2018-01-29,174.69204
2018-01-30,172.675926
2018-01-31,172.93482
2018-02-01,172.982398
2018-02-02,169.626725
2018-02-05,162.732158
2018-02-06,164.968517
2018-02-07,164.243793
2018-02-08,158.580443
2018-02-09,161.201923
2018-02-12,163.199877
2018-02-13,163.729769
2018-02-14,165.009633
2018-02-15,167.041813
2018-02-16,167.658355
2018-02-20,165.488153
2018-02-21,164.036731
2018-02-22,164.471272
2018-02-23,166.785464
2018-02-26,168.98299
2018-02-27,166.931904
2018-02-28,164.92633
2018-03-01,162.765264
2018-03-02,163.562832
2018-03-05,164.861905
2018-03-06,164.830176
2018-03-07,164.733943
2018-03-08,165.851132
2018-03-09,168.393125
2018-03-12,168.075441
2018-03-13,167.847748
2018-03-14,166.790621
2018-03-15,167.224401
2018-03-16,167.146154
2018-03-19,165.347039
2018-03-20,166.17671
2018-03-21,165.585371
2018-03-22,161.698582
2018-03-23,158.747139
2018-03-26,162.317483
2018-03-27,161.05941
2018-03-28,161.189892
2018-03-29,162.767449
2018-03-29,163.97514
2018-04-02,160.792143
2018-04-03,163.386422
2018-04-04,165.612215
2018-04-05,166.663805
2018-04-06,163.729913
2018-04-09,164.117111
2018-04-10,166.186707
2018-04-11,165.391161
2018-04-12,166.009927
2018-04-13,166.042146
2018-04-16,167.635386
2018-04-17,169.287713
2018-04-18,168.893082
2018-04-19,167.779724
2018-04-20,166.266886
2018-04-23,166.755869
2018-04-24,165.509333
2018-04-25,165.702782
2018-04-26,167.339109
2018-04-27,168.088168
2018-04-30,166.816491
2018-05-01,166.055604
2018-05-02,164.255739
2018-05-03,163.790204
2018-05-04,165.574758
2018-05-07,165.307145
2018-05-08,164.332522
2018-05-09,164.505743
2018-05-10,165.939211
2018-05-11,166.931846
2018-05-14,167.41352
2018-05-15,166.170226
2018-05-16,167.379638
2018-05-17,167.46548
2018-05-18,167.46366
2018-05-21,168.878868
2018-05-22,168.315049
2018-05-23,168.418216
2018-05-24,168.294203
2018-05-25,168.281535
2018-05-29,167.142989
2018-05-30,169.228679
2018-05-31,167.967465
2018-06-01,168.872615
2018-06-04,170.130476
2018-06-05,170.27188
2018-06-06,171.604635
2018-06-07,172.127813
2018-06-08,172.922768
2018-06-11,173.096798
2018-06-12,173.339748
2018-06-13,172.127833
2018-06-14,172.951718
2018-06-15,173.878973
2018-06-18,172.584328
2018-06-19,172.768856
2018-06-20,171.772922
2018-06-21,170.919815
2018-06-22,171.853488
2018-06-25,170.631464
2018-06-26,170.514897
2018-06-27,169.644703
2018-06-28,170.50614
2018-06-29,171.653763
2018-06-29,172.702436
2018-07-02,173.182615
2018-07-03,172.857949
2018-07-05,174.021407
2018-07-06,174.754083
2018-07-09,175.324635
2018-07-10,176.968523
2018-07-11,176.128
2018-07-12,177.110256
2018-07-13,177.813007
2018-07-16,177.25654
2018-07-17,177.89611
2018-07-18,177.760775
2018-07-19,178.264493
2018-07-20,178.096785
2018-07-23,178.085459
2018-07-24,179.303782
2018-07-25,180.490772
2018-07-26,181.16075
2018-07-27,180.639476
2018-07-30,179.803404
2018-07-31,180.635094
2018-08-01,180.310858
2018-08-02,181.479176
2018-08-03,182.490542
2018-08-06,183.52184
2018-08-07,183.890947
2018-08-08,183.543177
2018-08-09,183.042226
2018-08-10,182.031397
2018-08-13,181.408539
2018-08-14,182.378437
2018-08-15,182.026489
2018-08-16,183.404832
2018-08-17,184.215397
2018-08-20,184.676557
2018-08-21,184.97131
2018-08-22,184.813801
2018-08-23,184.727576
2018-08-24,185.66818
2018-08-27,186.368476
2018-08-28,186.330997
2018-08-29,187.254535
2018-08-30,186.686345
2018-08-31,186.870836
2018-09-04,186.438634
2018-09-05,186.716004
2018-09-06,187.27588
2018-09-07,187.470888
2018-09-10,187.595983
2018-09-11,188.349786
2018-09-12,189.139371
2018-09-13,190.349957
2018-09-14,189.749733
2018-09-17,188.855766
2018-09-18,189.519897
2018-09-19,189.03708
2018-09-20,190.665096
2018-09-21,191.122094
2018-09-24,190.699747
2018-09-25,190.454304
2018-09-26,190.370331
2018-09-27,191.105405
2018-09-28,191.495774
2018-09-28,192.113151
2018-10-01,192.622662
2018-10-02,192.507423
2018-10-03,192.10351
2018-10-04,190.418018
2018-10-05,189.674517
2018-10-08,190.021094
2018-10-09,190.485192
2018-10-10,184.660661
2018-10-11,181.221729
2018-10-12,184.636372
2018-10-15,183.751343
2018-10-16,187.36268
2018-10-17,187.955875
2018-10-18,185.783101
2018-10-19,186.884189
2018-10-22,186.895999
2018-10-23,186.706556
2018-10-24,182.509642
2018-10-25,185.239804
2018-10-26,180.949053
2018-10-29,181.224653
2018-10-30,183.197767
2018-10-31,184.64682
2018-11-01,185.536262
2018-11-02,185.53627
2018-11-05,186.635932
2018-11-06,187.741729
2018-11-07,191.694025
2018-11-08,191.804064
2018-11-09,190.801939
2018-11-12,187.687012
2018-11-13,187.561589
2018-11-14,186.14205
2018-11-15,186.678869
2018-11-16,187.094485
2018-11-19,183.77899
2018-11-20,179.479581
2018-11-21,179.991242
2018-11-23,178.82201
2018-11-26,181.050938
2018-11-27,182.463627
2018-11-28,187.137601
2018-11-29,187.195392
2018-11-30,189.227878
2018-12-03,190.523278
2018-12-04,185.7807
2018-12-06,186.481568
2018-12-07,182.193489
2018-12-10,182.451312
2018-12-11,182.63493
2018-12-12,183.466433
2018-12-13,184.182861
2018-12-14,180.704684
2018-12-17,176.529907
2018-12-18,177.082774
2018-12-19,175.101775
2018-12-20,171.939789
2018-12-21,169.732193
2018-12-24,165.009965
2018-12-26,172.813166
2018-12-27,174.546483
2018-12-28,174.920158
2018-12-31,176.616647
2018-12-31,177.93474
2019-01-02,177.483303
2019-01-03,173.35252
2019-01-04,177.668184
2019-01-07,178.663876
2019-01-08,180.503836
2019-01-09,180.731317
2019-01-10,181.75223
2019-01-11,182.130039
2019-01-14,181.043747
2019-01-15,182.721097
2019-01-16,181.754327
2019-01-17,183.189533
2019-01-18,185.614081
2019-01-22,184.409962
2019-01-23,185.399778
2019-01-24,185.71666
2019-01-25,186.502227
2019-01-28,185.530311
2019-01-29,185.121663
2019-01-30,187.137755
2019-01-31,189.814446
2019-02-01,189.668878
2019-02-04,190.245116
2019-02-05,191.236333
2019-02-06,191.585407
2019-02-07,190.005829
2019-02-08,190.317294
2019-02-11,190.269478
2019-02-12,192.272079
2019-02-13,193.213683
2019-02-14,192.037163
2019-02-15,194.014992
2019-02-19,194.445169
2019-02-20,194.665418
2019-02-21,194.287557
2019-02-22,195.252374
2019-02-25,196.243468
2019-02-26,195.954395
2019-02-27,195.396899
2019-02-28,194.376435
2019-03-01,195.01529
2019-03-04,194.623203
2019-03-05,195.787812
2019-03-06,195.088636
2019-03-07,193.954934
2019-03-08,194.112652
2019-03-11,196.39986
2019-03-12,197.144695
2019-03-13,198.681449
2019-03-14,198.211506
2019-03-15,199.223319
2019-03-18,199.518741
2019-03-19,200.084278
2019-03-20,199.651457
2019-03-21,201.421162
2019-03-22,199.304278
2019-03-25,199.474703
2019-03-26,201.376457
2019-03-27,200.264718
2019-03-28,200.594506
2019-03-29,201.967456
2019-03-29,203.329199
2019-04-01,204.656546
2019-04-02,204.586931
2019-04-03,205.162666
2019-04-04,205.991262
2019-04-05,206.998567
2019-04-08,207.450435
2019-04-09,206.819706
2019-04-10,206.901159
2019-04-11,206.702351
2019-04-12,207.055225
2019-04-15,207.600201
2019-04-16,207.157722
2019-04-17,207.063461
2019-04-18,207.145909
2019-04-22,207.408692
2019-04-23,208.185065
2019-04-24,207.918643
2019-04-25,208.492915
2019-04-26,208.992262
2019-04-29,209.159782
2019-04-30,210.608107
2019-05-01,208.440181
2019-05-02,208.537911
2019-05-03,209.68092
2019-05-06,209.297001
2019-05-07,206.633709
2019-05-08,206.174425
2019-05-09,206.104889
2019-05-10,208.033901
2019-05-13,204.665523
2019-05-14,205.622782
2019-05-15,206.715165
2019-05-16,208.321428
2019-05-17,207.972925
2019-05-20,206.83218
2019-05-21,207.896837
2019-05-22,208.603971
2019-05-23,206.880236
2019-05-24,207.373741
2019-05-28,205.122663
2019-05-29,204.088231
2019-05-30,204.400136
2019-05-31,201.774034
2019-06-03,202.719866
2019-06-04,206.174636
2019-06-05,207.87406
2019-06-06,209.532483
2019-06-07,211.179898
2019-06-10,212.28194
2019-06-11,212.300391
2019-06-12,212.365233
2019-06-13,213.452455
2019-06-14,214.202388
2019-06-17,214.542613
2019-06-18,215.784998
2019-06-19,216.315966
2019-06-20,218.813191
2019-06-21,219.278876
2019-06-24,219.031221
2019-06-25,217.453172
2019-06-26,216.116561
2019-06-27,216.657695
2019-06-28,217.587636
2019-06-28,218.895669
2019-07-01,220.365454
2019-07-02,221.642027
2019-07-03,223.535057
2019-07-05,222.546444
2019-07-08,221.763101
2019-07-09,221.418023
2019-07-10,223.207798
2019-07-11,223.162468
2019-07-12,223.088327
2019-07-15,223.377192
2019-07-16,222.600016
2019-07-17,221.592285
2019-07-18,222.473679
2019-07-19,220.718994
2019-07-22,220.326999
2019-07-23,221.40355
2019-07-24,221.724152
2019-07-25,220.818735
2019-07-26,222.963342
2019-07-29,222.477808
2019-07-30,221.252235
2019-07-31,218.714379
2019-08-01,217.169253
2019-08-02,216.734299
2019-08-05,212.139808
2019-08-06,214.035481
2019-08-07,213.970454
2019-08-08,217.459771
2019-08-09,217.047165
2019-08-12,215.508475
2019-08-13,217.787708
2019-08-14,212.389173
2019-08-15,214.05539
2019-08-16,216.639295
2019-08-19,218.967125
2019-08-20,217.359116
2019-08-21,218.687877
2019-08-22,218.660998
2019-08-23,214.209223
2019-08-26,216.932148
2019-08-27,217.272096
2019-08-28,218.515078
2019-08-29,220.200274
2019-08-30,220.376894
2019-09-03,219.87856
2019-09-04,221.817744
2019-09-05,223.024991
2019-09-06,223.578425
2019-09-09,223.035058
2019-09-10,223.043351
2019-09-11,224.425401
2019-09-12,225.201685
2019-09-13,224.838407
2019-09-16,223.413898
2019-09-17,224.725235
2019-09-18,225.072423
2019-09-19,225.585384
2019-09-20,225.476064
2019-09-23,225.640618
2019-09-24,224.537178
2019-09-25,224.703397
2019-09-26,224.217623
2019-09-27,223.883076
2019-09-30,224.750151
2019-09-30,226.155942
2019-10-01,223.757036
2019-10-02,220.007298
2019-10-03,221.841693
2019-10-04,225.049175
2019-10-07,224.336477
2019-10-08,221.844556
2019-10-09,223.468139
2019-10-10,225.024285
2019-10-11,226.681955
2019-10-14,226.049572
2019-10-15,228.209984
2019-10-16,228.202784
2019-10-17,228.937751
2019-10-18,228.479052
2019-10-21,229.307432
2019-10-22,229.198565
2019-10-23,229.410874
2019-10-24,228.387685
2019-10-25,228.585737
2019-10-28,229.897348
2019-10-29,230.073195
2019-10-30,231.265313
2019-10-31,231.313124
2019-11-01,231.989699
2019-11-04,231.025202
2019-11-05,230.472324
2019-11-06,231.141581
2019-11-07,231.448274
2019-11-08,232.100657
2019-11-11,231.569386
2019-11-12,232.420809
2019-11-13,233.486413
2019-11-14,233.84933
2019-11-15,235.915457
2019-11-18,236.2242
2019-11-19,235.511721
2019-11-20,234.602722
2019-11-21,234.656853
2019-11-22,235.165707
2019-11-25,235.689124
2019-11-26,236.681041
2019-11-27,237.671439
2019-11-29,236.999379
2019-12-02,235.712187
2019-12-03,235.036184
2019-12-04,236.88681
2019-12-05,237.136493
2019-12-06,238.581067
2019-12-09,238.127677
2019-12-10,237.870429
2019-12-11,238.099535
2019-12-12,239.884328
2019-12-13,239.560121
2019-12-16,241.357174
2019-12-17,241.196015
2019-12-18,240.817093
2019-12-19,241.851594
2019-12-20,243.5165
2019-12-23,243.103388
2019-12-24,243.157649
2019-12-26,243.776718
2019-12-27,243.954355
2019-12-30,242.474522
2019-12-31,242.956823
2019-12-31,243.378797
2020-01-02,243.125077
2020-01-03,241.550141
2020-01-06,241.420643
2020-01-07,240.615605
2020-01-08,241.691834
2020-01-09,243.000137
2020-01-10,242.793276
2020-01-13,243.209122
2020-01-14,244.088106
2020-01-15,244.807253
2020-01-16,246.043879
2020-01-17,246.593551
2020-01-21,246.275387
2020-01-22,246.65046
2020-01-23,246.085496
2020-01-24,243.496204
2020-01-27,241.838861
2020-01-28,242.3372
2020-01-29,240.372957
2020-01-30,241.559127
2020-01-31,237.896914
2020-02-03,238.663039
2020-02-04,241.841456
2020-02-05,245.384041
2020-02-06,245.542859
2020-02-07,245.496175
2020-02-10,246.193519
2020-02-11,246.044952
2020-02-12,247.195528
2020-02-13,247.702201
2020-02-14,247.456105
2020-02-18,247.534562
2020-02-19,247.662743
2020-02-20,247.368041
2020-02-21,246.896734
2020-02-24,240.013842
2020-02-25,234.102233
2020-02-26,232.75973
2020-02-27,223.876237
2020-02-28,220.143116
2020-03-02,231.777245
2020-03-03,226.469416
2020-03-04,237.578937
2020-03-05,231.962395
2020-03-06,230.025939
2020-03-09,217.853216
2020-03-10,225.062834
2020-03-11,215.763729
2020-03-12,196.159822
2020-03-13,214.524492
2020-03-16,194.514273
2020-03-17,207.351775
2020-03-18,198.95198
2020-03-19,196.319303
2020-03-20,185.33945
2020-03-23,180.738858
2020-03-24,194.476529
2020-03-25,194.211962
2020-03-26,206.986585
2020-03-27,201.126919
2020-03-30,209.329293
2020-03-31,204.88744
2020-03-31,201.210312
2020-04-01,195.192213
2020-04-02,201.707318
2020-04-03,200.344757
2020-04-06,210.612097
2020-04-07,208.864297
2020-04-08,215.191313
2020-04-09,216.808912
2020-04-13,215.808022
2020-04-14,223.992176
2020-04-15,221.000118
2020-04-16,224.087434
2020-04-17,227.775944
2020-04-20,224.785186
2020-04-21,218.786667
2020-04-22,222.762086
2020-04-23,221.906592
2020-04-24,225.120509
2020-04-27,227.600647
2020-04-28,225.442913
2020-04-29,226.445178
2020-04-30,224.902346
2020-05-01,221.077942
2020-05-04,221.326536
2020-05-05,223.721812
2020-05-06,222.172585
2020-05-07,222.27452
2020-05-08,225.212375
2020-05-11,227.57935
2020-05-12,224.728859
2020-05-13,222.893498
2020-05-14,223.92285
2020-05-15,225.69841
2020-05-18,229.251743
2020-05-19,226.750361
2020-05-20,227.74933
2020-05-21,225.820752
2020-05-22,225.861218
2020-05-26,225.681869
2020-05-27,227.297005
2020-05-28,230.042593
2020-05-29,232.070161
2020-06-01,230.843374
2020-06-02,231.756705
2020-06-03,233.316171
2020-06-04,232.323785
2020-06-05,235.752237
2020-06-08,236.547623
2020-06-09,235.238596
2020-06-10,236.316199
2020-06-11,225.937281
2020-06-12,226.93153
2020-06-15,228.009459
2020-06-16,232.936164
2020-06-17,232.391391
2020-06-18,233.226399
2020-06-19,233.265345
2020-06-22,233.808893
2020-06-23,234.036684
2020-06-24,230.02157
2020-06-25,232.204534
2020-06-26,228.97915
2020-06-29,231.188815
2020-06-30,234.124667
2020-06-30,237.381051
2020-07-01,239.865967
2020-07-02,240.902663
2020-07-06,244.543592
2020-07-07,244.506323
2020-07-08,245.458263
2020-07-09,245.615899
2020-07-10,246.968576
2020-07-13,246.47823
2020-07-14,249.775892
2020-07-15,250.381866
2020-07-16,250.883066
2020-07-17,251.800243
2020-07-20,253.069394
2020-07-21,253.168045
2020-07-22,254.425264
2020-07-23,252.957626
2020-07-24,252.148621
2020-07-27,253.209391
2020-07-28,253.710905
2020-07-29,254.456734
2020-07-30,253.514798
2020-07-31,254.485098
2020-08-03,255.691522
2020-08-04,257.269164
2020-08-05,256.761789
2020-08-06,257.463376
2020-08-07,258.454058
2020-08-10,258.085588
2020-08-11,255.538253
2020-08-12,259.610834
2020-08-13,259.09383
2020-08-14,259.112555
2020-08-17,260.359661
2020-08-18,261.669763
2020-08-19,262.555245
2020-08-20,262.423014
2020-08-21,263.000436
2020-08-24,263.999833
2020-08-25,265.152137
2020-08-26,267.512061
2020-08-27,267.132804
2020-08-28,268.484582
2020-08-31,268.66503
2020-09-01,269.052754
2020-09-02,273.303782
2020-09-03,266.332689
2020-09-04,264.446505
2020-09-08,259.908545
2020-09-09,264.46765
2020-09-10,260.665595
2020-09-11,261.992848
2020-09-14,264.61385
2020-09-15,266.585903
2020-09-16,264.716319
2020-09-17,263.136997
2020-09-18,262.147535
2020-09-21,260.177968
2020-09-22,263.054151
2020-09-23,258.831764
2020-09-24,259.099743
2020-09-25,261.514317
2020-09-28,264.33093
2020-09-29,263.968061
2020-09-30,266.402518
2020-09-30,269.04898
2020-10-01,269.121418
2020-10-02,266.316175
2020-10-05,270.307749
2020-10-06,267.141688
2020-10-07,270.864124
2020-10-08,271.862274
2020-10-09,273.949833
2020-10-12,276.608538
2020-10-13,275.322768
2020-10-14,273.259826
2020-10-15,271.665662
2020-10-16,272.802864
2020-10-19,268.41372
2020-10-20,269.714156
2020-10-21,269.203688
2020-10-22,271.221094
2020-10-23,272.06712
2020-10-26,268.760445
2020-10-27,267.860644
2020-10-28,260.046597
2020-10-29,261.544006
2020-10-30,259.937933
2020-11-02,262.964353
2020-11-03,265.808354
2020-11-04,272.53216
2020-11-05,275.390195
2020-11-06,276.640105
2020-11-09,276.666001
2020-11-10,278.697528
2020-11-11,280.529783
2020-11-12,278.834905
2020-11-13,282.097773
2020-11-16,281.80677
2020-11-17,281.042708
2020-11-18,278.091968
2020-11-19,279.296576
2020-11-20,278.610027
2020-11-23,278.903988
2020-11-24,281.573187
2020-11-25,281.743203
2020-11-27,283.218181
2020-11-30,283.327021
2020-12-01,286.157962
2020-12-02,286.407862
2020-12-03,285.167468
2020-12-04,286.83575
2020-12-07,286.368084
2020-12-08,288.020529
2020-12-09,288.110392
2020-12-10,286.893657
2020-12-11,287.005974
2020-12-14,284.632505
2020-12-15,286.709604
2020-12-16,286.236319
2020-12-17,288.051109
2020-12-18,287.940052
2020-12-21,285.782292
2020-12-22,283.469163
2020-12-23,283.920592
2020-12-24,284.53149
2020-12-28,286.907547
2020-12-29,287.556451
2020-12-30,286.927192
2020-12-31,289.254259
2020-12-31,291.779427
2021-01-04,289.726553
2021-01-05,290.997256
2021-01-06,293.620374
2021-01-07,295.366357
2021-01-08,297.245048
2021-01-11,298.20879
2021-01-12,296.301644
2021-01-13,297.350364
2021-01-14,296.972619
2021-01-15,295.989986
2021-01-19,296.560714
2021-01-20,298.452926
2021-01-21,297.840626
2021-01-22,298.080871
2021-01-25,300.31179
2021-01-26,300.793102
2021-01-27,291.332986
2021-01-28,294.976557
2021-01-29,291.518961
2021-02-01,293.398833
2021-02-02,294.78552
2021-02-03,293.068606
2021-02-04,295.248107
2021-02-05,296.42977
2021-02-08,297.530096
2021-02-09,297.276932
2021-02-10,296.249601
2021-02-11,295.993652
2021-02-12,297.65584
2021-02-16,296.516745
2021-02-17,298.761994
2021-02-18,296.171093
2021-02-19,293.117852
2021-02-22,292.574736
2021-02-23,292.434516
2021-02-24,292.784027
2021-02-25,288.763353
2021-02-26,286.374636
2021-03-01,290.909797
2021-03-02,288.974372
2021-03-03,286.455921
2021-03-04,283.027931
2021-03-05,288.672064
2021-03-08,289.167669
2021-03-09,292.099431
2021-03-10,294.162664
2021-03-11,294.454585
2021-03-12,294.708642
2021-03-15,294.631472
2021-03-16,294.949923
2021-03-17,293.468917
2021-03-18,291.76955
2021-03-19,293.021092
2021-03-22,296.214832
2021-03-23,296.17159
2021-03-24,295.119288
2021-03-25,297.137216
2021-03-26,303.07036
2021-03-29,304.792585
2021-03-30,302.497966
2021-03-31,302.494443
2021-03-31,302.108128
2021-04-01,302.941316
2021-04-05,306.237022
2021-04-06,306.480465
2021-04-07,305.989871
2021-04-08,306.310174
2021-04-09,308.118268
2021-04-12,308.717739
2021-04-13,309.368698
2021-04-14,308.483781
2021-04-15,311.811223
2021-04-16,314.595882
2021-04-19,314.002403
2021-04-20,314.476864
2021-04-21,315.38579
2021-04-22,313.890828
2021-04-23,314.941406
2021-04-26,312.669592
2021-04-27,312.154996
2021-04-28,310.646742
2021-04-29,312.793058
2021-04-30,313.054077
2021-05-03,316.757823
2021-05-04,317.293225
2021-05-05,317.828017
2021-05-06,320.664717
2021-05-07,321.695475
2021-05-10,322.46731
2021-05-11,319.432085
2021-05-12,315.108192
2021-05-13,319.201785
2021-05-14,321.326961
2021-05-17,319.143703
2021-05-18,316.971068
2021-05-19,316.761515
2021-05-20,319.995328
2021-05-21,319.879652
2021-05-24,320.528687
2021-05-25,319.363642
2021-05-26,319.349839
2021-05-27,319.421429
2021-05-28,319.363559
2021-06-01,316.633092
2021-06-02,317.312776
2021-06-03,318.069929
2021-06-04,319.654303
2021-06-07,320.247029
2021-06-08,319.447086
2021-06-09,320.549823
2021-06-10,323.549274
2021-06-11,322.74118
2021-06-14,322.528168
2021-06-15,321.810046
2021-06-16,318.640225
2021-06-17,320.723357
2021-06-18,316.510402
2021-06-21,320.350799
2021-06-22,321.71646
2021-06-23,319.439581
2021-06-24,321.839347
2021-06-25,323.228485
2021-06-28,323.728907
2021-06-29,323.327155
2021-06-30,324.165742
2021-06-30,325.159712
2021-07-01,327.515197
2021-07-02,329.66609
2021-07-06,328.989798
2021-07-07,330.967392
2021-07-08,329.679023
2021-07-09,332.346391
2021-07-12,333.050558
2021-07-13,332.65148
2021-07-14,334.122015
2021-07-15,334.367464
2021-07-16,334.104246
2021-07-19,330.921403
2021-07-20,334.005247
2021-07-21,335.551402
2021-07-22,336.889452
2021-07-23,339.337997
2021-07-26,339.597689
2021-07-27,340.393644
2021-07-28,339.883104
2021-07-29,341.901464
2021-07-30,341.160355
2021-08-02,340.914805
2021-08-03,345.550938
2021-08-04,344.223123
2021-08-05,346.149776
2021-08-06,346.572242
2021-08-09,347.512966
2021-08-10,350.287081
2021-08-11,350.113248
2021-08-12,351.101586
2021-08-13,352.314075
2021-08-16,354.497045
2021-08-17,354.432449
2021-08-18,349.513223
2021-08-19,349.650678
2021-08-20,351.556407
2021-08-23,351.60074
2021-08-24,350.10572
2021-08-25,350.448811
2021-08-26,348.41069
2021-08-27,348.8136
2021-08-30,350.267274
2021-08-31,349.340663
2021-09-01,348.585495
2021-09-02,350.385959
2021-09-03,349.937131
2021-09-07,346.552731
2021-09-08,347.974306
2021-09-09,345.520633
2021-09-10,344.34206
2021-09-13,343.540753
2021-09-14,341.022566
2021-09-15,342.616066
2021-09-16,341.771705
2021-09-17,341.03419
2021-09-20,337.681445
2021-09-21,337.480982
2021-09-22,339.058576
2021-09-23,342.404322
2021-09-24,341.834409
2021-09-27,340.242625
2021-09-28,335.369389
2021-09-29,338.151641
2021-09-30,333.396601
2021-09-30,329.149514
2021-10-01,330.972453
2021-10-04,328.580184
2021-10-05,331.056953
2021-10-06,332.061059
2021-10-07,335.348693
2021-10-08,334.888526
2021-10-11,332.151538
2021-10-12,330.261675
2021-10-13,330.975031
2021-10-14,334.033405
2021-10-15,336.094837
2021-10-18,335.591949
2021-10-19,338.425868
2021-10-20,341.858325
2021-10-21,340.970603
2021-10-22,342.659277
2021-10-25,342.620394
2021-10-26,344.022217
2021-10-27,341.611582
2021-10-28,344.622578
2021-10-29,345.576165
2021-11-01,345.440202
2021-11-02,348.492415
2021-11-03,350.632955
2021-11-04,349.866314
2021-11-05,351.54858
2021-11-08,350.159583
2021-11-09,350.192999
2021-11-10,350.621072
2021-11-11,350.590206
2021-11-12,351.351209
2021-11-15,350.699601
2021-11-16,350.049268
2021-11-17,350.293144
2021-11-18,350.222102
2021-11-19,349.678463
2021-11-22,350.870239
2021-11-23,352.681084
2021-11-24,352.400152
2021-11-26,349.362211
2021-11-29,350.330502
2021-11-30,343.237245
2021-12-01,341.354999
2021-12-02,343.484152
2021-12-03,344.760957
2021-12-06,346.378379
2021-12-07,348.990953
2021-12-08,348.766803
2021-12-09,348.486358
2021-12-10,353.544417
2021-12-13,354.375047
2021-12-14,353.300036
2021-12-15,360.185751
2021-12-16,364.058089
2021-12-17,357.284619
2021-12-20,355.075698
2021-12-21,357.084461
2021-12-22,359.018966
2021-12-23,360.206266
2021-12-27,363.390663
2021-12-28,363.300942
2021-12-29,364.222644
2021-12-30,364.27213
2021-12-31,364.043774
2021-12-31,363.232369
2022-01-03,361.957926
2022-01-04,360.161868
2022-01-05,356.747213
2022-01-06,354.328248
2022-01-07,354.213104
2022-01-10,354.295013
2022-01-11,355.831645
2022-01-12,356.289585
2022-01-13,351.13464
2022-01-14,351.188252
2022-01-18,347.297261
2022-01-19,345.674795
2022-01-20,342.754818
2022-01-21,337.779451
2022-01-24,337.246513
2022-01-25,333.085131
2022-01-26,329.849655
2022-01-27,330.6965
2022-01-28,337.959716
2022-01-31,342.744301
2022-02-01,343.152767
2022-02-02,346.642831
2022-02-03,341.539277
2022-02-04,342.089857
2022-02-07,341.456139
2022-02-08,343.106191
2022-02-09,346.364352
2022-02-10,341.134067
2022-02-11,335.83517
2022-02-14,334.250918
2022-02-15,338.176088
2022-02-16,337.906458
2022-02-17,333.179262
2022-02-18,330.847895
2022-02-22,328.967419
2022-02-23,324.857256
2022-02-24,328.268951
2022-02-25,337.348386
2022-02-28,335.57155
2022-03-01,332.57983
2022-03-02,338.446725
2022-03-03,339.055081
2022-03-04,338.88533
2022-03-07,333.589379
2022-03-08,327.483104
2022-03-09,333.811179
2022-03-10,333.562184
2022-03-11,332.254989
2022-03-14,332.138137
2022-03-15,338.341835
2022-03-16,342.843149
2022-03-17,348.015433
2022-03-18,351.224021
2022-03-21,350.584919
2022-03-22,352.029223
2022-03-23,348.023886
2022-03-24,351.036976
2022-03-25,353.030892
2022-03-28,356.042406
2022-03-29,358.655654
2022-03-30,359.494784
2022-03-31,354.639484
2022-03-31,350.544491
2022-04-01,352.629042
2022-04-04,352.733998
2022-04-05,351.561959
2022-04-06,354.76482
2022-04-07,358.825043
2022-04-08,360.058569
2022-04-11,356.213093
2022-04-12,355.116973
2022-04-13,357.029954
2022-04-14,357.476606
2022-04-18,355.008364
2022-04-19,357.208178
2022-04-20,358.725315
2022-04-21,355.78899
2022-04-22,345.329588
2022-04-25,345.708668
2022-04-26,339.388498
2022-04-27,340.303873
2022-04-28,345.145343
2022-04-29,335.555753
2022-05-02,334.783397
2022-05-03,335.872844
2022-05-04,344.394416
2022-05-05,337.035632
2022-05-06,336.757749
2022-05-09,330.020093
2022-05-10,329.545435
2022-05-11,327.925985
2022-05-12,329.118467
2022-05-13,333.780116
2022-05-16,335.869481
2022-05-17,337.213111
2022-05-18,325.184767
2022-05-19,322.826383
2022-05-20,324.758558
2022-05-23,329.791704
2022-05-24,332.033533
2022-05-25,334.09994
2022-05-26,338.31725
2022-05-27,344.530961
2022-05-31,341.147774
2022-06-01,339.421287
2022-06-02,344.389997
2022-06-03,341.612643
2022-06-06,341.652519
2022-06-07,345.190973
2022-06-08,343.919211
2022-06-09,337.141479
2022-06-10,331.161433
2022-06-13,320.860267
2022-06-14,318.368776
2022-06-15,320.743277
2022-06-16,313.115023
2022-06-17,311.693202
2022-06-21,320.556875
2022-06-22,320.70884
2022-06-23,324.530691
2022-06-24,331.23138
2022-06-27,331.016553
2022-06-28,325.506159
2022-06-29,325.795741
2022-06-30,325.074355
2022-06-30,324.822401
2022-07-01,328.119035
2022-07-05,325.152794
2022-07-06,326.290608
2022-07-07,328.291519
2022-07-08,328.60546
2022-07-11,327.819961
2022-07-12,325.753554
2022-07-13,324.807289
2022-07-14,323.848951
2022-07-15,328.649978
2022-07-18,324.972017
2022-07-19,330.354322
2022-07-20,328.274452
2022-07-21,327.849713
2022-07-22,326.727551
2022-07-25,329.333494
2022-07-26,327.721154
2022-07-27,330.982435
2022-07-28,335.165378
2022-07-29,336.908874
2022-08-01,335.835119
2022-08-02,332.768791
2022-08-03,334.296208
2022-08-04,331.346518
2022-08-05,331.756627
2022-08-08,331.590849
2022-08-09,332.279185
2022-08-10,335.596139
2022-08-11,334.900528
2022-08-12,339.19081
2022-08-15,340.486492
2022-08-16,342.664052
2022-08-17,341.158148
2022-08-18,341.114707
2022-08-19,340.068936
2022-08-22,335.681867
2022-08-23,334.059058
2022-08-24,334.563657
2022-08-25,337.805719
2022-08-26,329.696814
2022-08-29,328.68614
2022-08-30,325.640912
2022-08-31,322.667649
2022-09-01,325.865059
2022-09-02,321.808219
2022-09-06,321.561135
2022-09-07,325.980883
2022-09-08,327.917227
2022-09-09,330.940325
2022-09-12,332.56549
2022-09-13,322.096278
2022-09-14,322.997074
2022-09-15,320.969875
2022-09-16,321.329798
2022-09-19,322.35788
2022-09-20,319.525641
2022-09-21,314.774072
2022-09-22,315.963177
2022-09-23,312.28053
2022-09-26,308.990551
2022-09-27,308.463586
2022-09-28,314.695899
2022-09-29,310.360272
2022-09-30,305.275772
2022-09-30,300.154906
2022-10-03,307.538352
2022-10-04,314.223831
2022-10-05,313.98738
2022-10-06,309.680842
2022-10-07,303.560315
2022-10-10,301.777113
2022-10-11,302.532952
2022-10-12,301.946893
2022-10-13,309.657087
2022-10-14,306.245594
2022-10-17,311.397079
2022-10-18,314.424118
2022-10-19,312.245373
2022-10-20,311.456567
2022-10-21,318.377945
2022-10-24,323.632936
2022-10-25,326.268081
2022-10-26,328.346547
2022-10-27,328.506038
2022-10-28,335.637625
2022-10-31,333.928137
2022-11-01,334.596937
2022-11-02,330.275563
2022-11-03,330.072118
2022-11-04,333.622889
2022-11-07,336.446378
2022-11-08,339.355466
2022-11-09,334.71927
2022-11-10,344.54751
2022-11-11,344.394244
2022-11-14,343.843699
2022-11-15,344.807545
2022-11-16,344.573562
2022-11-17,345.245128
2022-11-18,347.700738
2022-11-21,348.108101
2022-11-22,352.051043
2022-11-23,352.822981
2022-11-25,353.728335
2022-11-28,349.945221
2022-11-29,349.756461
2022-11-30,356.321796
2022-12-01,355.509734
2022-12-02,355.785392
2022-12-05,351.675031
2022-12-06,349.378164
2022-12-07,350.763418
2022-12-08,352.797581
2022-12-09,348.881241
2022-12-12,353.434196
2022-12-13,353.528902
2022-12-14,352.961287
2022-12-15,347.224577
2022-12-16,343.822162
2022-12-19,342.842812
2022-12-20,343.610215
2022-12-21,347.989375
2022-12-22,345.845318
2022-12-23,347.97668
2022-12-27,348.933616
2022-12-28,345.926215
2022-12-29,349.153296
2022-12-30,348.381463
2022-12-30,347.612479
2023-01-03,346.694684
2023-01-04,347.36153
2023-01-05,345.14778
2023-01-06,350.515792
2023-01-09,346.720971
2023-01-10,348.119726
2023-01-11,349.457406
2023-01-12,349.183417
2023-01-13,350.365518
2023-01-17,347.900851
2023-01-18,340.261585
2023-01-19,338.860932
2023-01-20,340.677944
2023-01-23,340.607998
2023-01-24,341.828555
2023-01-25,341.402387
2023-01-26,342.26962
2023-01-27,339.554166
2023-01-30,337.252273
2023-01-31,340.98723
2023-02-01,340.215803
2023-02-02,337.837904
2023-02-03,336.410144
2023-02-06,335.940765
2023-02-07,337.859535
2023-02-08,335.838178
2023-02-09,334.160173
2023-02-10,338.128678
2023-02-13,340.892003
2023-02-14,339.29954
2023-02-15,338.028846
2023-02-16,333.935198
2023-02-17,336.041516
2023-02-21,332.716133
2023-02-22,331.946547
2023-02-23,332.072892
2023-02-24,331.337469
2023-02-27,330.49009
2023-02-28,328.567462
2023-03-01,327.881304
2023-03-02,330.069696
2023-03-03,333.364963
2023-03-06,334.029977
2023-03-07,329.246533
2023-03-08,328.199788
2023-03-09,323.710166
2023-03-10,323.515369
2023-03-13,324.451176
2023-03-14,327.234816
2023-03-15,324.85268
2023-03-16,326.672164
2023-03-17,322.961005
2023-03-20,328.120394
2023-03-21,330.087143
2023-03-22,325.995726
2023-03-23,326.029978
2023-03-24,329.324968
2023-03-27,331.404767
2023-03-28,331.238229
2023-03-29,333.238291
2023-03-30,334.681695
2023-03-31,337.521017
2023-03-31,340.569603
2023-04-03,344.734733
2023-04-04,344.571068
2023-04-05,348.865895
2023-04-06,349.393786
2023-04-10,348.921869
2023-04-11,349.636181
2023-04-12,350.044439
2023-04-13,353.068745
2023-04-14,353.369071
2023-04-17,353.525571
2023-04-18,352.210573
2023-04-19,351.688666
2023-04-20,348.882132
2023-04-21,351.046528
2023-04-24,351.674016
2023-04-25,349.83994
2023-04-26,343.910857
2023-04-27,347.860113
2023-04-28,350.213179
2023-05-01,350.663608
2023-05-02,346.276838
2023-05-03,344.629035
2023-05-04,342.432662
2023-05-05,345.983588
2023-05-08,345.879847
2023-05-09,344.247947
2023-05-10,344.159137
2023-05-11,342.898076
2023-05-12,343.286809
2023-05-15,342.476954
2023-05-16,338.39585
2023-05-17,340.526166
2023-05-18,340.339309
2023-05-19,340.399122
2023-05-22,338.857357
2023-05-23,337.853105
2023-05-24,335.380584
2023-05-25,332.088258
2023-05-26,333.21968
2023-05-30,331.820496
2023-05-31,332.203538
2023-06-01,332.917853
2023-06-02,336.80948
2023-06-05,336.771242
2023-06-06,336.407599
2023-06-07,339.04156
2023-06-08,340.649575
2023-06-09,340.423636
2023-06-12,340.483654
2023-06-13,342.020103
2023-06-14,340.10735
2023-06-15,344.491744
2023-06-16,344.619875
2023-06-20,341.62159
2023-06-21,341.852049
2023-06-22,341.746075
2023-06-23,339.206144
2023-06-26,338.933248
2023-06-27,339.095765
2023-06-28,338.163998
2023-06-29,340.47208
2023-06-30,343.444123
2023-06-30,346.494017
2023-07-03,346.555667
2023-07-05,345.992706
2023-07-06,342.120758
2023-07-07,338.798147
2023-07-10,339.763411
2023-07-11,340.322508
2023-07-12,341.55109
2023-07-13,341.696823
2023-07-14,342.452578
2023-07-17,339.33417
2023-07-18,341.434771
2023-07-19,344.722401
2023-07-20,349.187691
2023-07-21,352.598276
2023-07-24,354.364118
2023-07-25,354.285987
2023-07-26,353.75461
2023-07-27,351.75453
2023-07-28,352.965231
2023-07-31,352.863561
2023-08-01,351.007749
2023-08-02,350.297844
2023-08-03,349.064902
2023-08-04,347.692647
2023-08-07,351.971768
2023-08-08,354.413169
2023-08-09,354.024885
2023-08-10,354.347133
2023-08-11,356.571799
2023-08-14,356.545923
2023-08-15,353.848789
2023-08-16,352.367715
2023-08-17,351.449129
2023-08-18,352.669725
2023-08-21,351.368862
2023-08-22,350.178785
2023-08-23,350.846794
2023-08-24,348.791292
2023-08-25,351.222069
2023-08-28,352.508784
2023-08-29,355.899743
2023-08-30,355.860899
2023-08-31,354.393671
2023-09-01,355.119987
2023-09-05,352.879544
2023-09-06,351.661895
2023-09-07,353.57665
2023-09-08,354.332823
2023-09-11,355.777262
2023-09-12,355.037909
2023-09-13,355.81357
2023-09-14,359.168292
2023-09-15,356.817549
2023-09-18,356.592967
2023-09-19,356.221352
2023-09-20,356.235817
2023-09-21,351.873042
2023-09-22,351.652506
2023-09-25,352.192553
2023-09-26,349.107623
2023-09-27,346.38944
2023-09-28,346.007184
2023-09-29,344.325363
2023-09-29,342.142562
2023-10-02,340.674305
2023-10-03,338.077079
2023-10-04,338.263052
2023-10-05,336.657652
2023-10-06,338.761036
2023-10-09,341.000927
2023-10-10,343.693073
2023-10-11,343.704825
2023-10-12,341.845063
2023-10-13,342.098887
2023-10-16,345.177903
2023-10-17,345.511761
2023-10-18,341.928835
2023-10-19,340.456253
2023-10-20,338.692159
2023-10-23,336.421242
2023-10-24,341.272546
2023-10-25,339.523951
2023-10-26,337.414596
2023-10-27,331.103088
2023-10-30,336.98523
2023-10-31,336.599221
2023-11-01,338.943622
2023-11-02,344.123192
2023-11-03,345.192864
2023-11-06,345.553927
2023-11-07,345.52077
2023-11-08,345.288125
2023-11-09,341.739341
2023-11-10,344.807785
2023-11-13,345.711701
2023-11-14,348.458281
2023-11-15,349.027677
2023-11-16,348.022644
2023-11-17,348.613031
2023-11-20,349.513144
2023-11-21,350.225301
2023-11-22,351.065838
2023-11-24,352.409902
2023-11-27,351.085073
2023-11-28,351.207377
2023-11-29,350.936814
2023-11-30,354.491971
2023-12-01,354.908328
2023-12-04,354.207576
2023-12-05,353.217632
2023-12-06,352.096655
2023-12-07,352.787086
2023-12-08,353.40887
2023-12-11,353.554268
2023-12-12,355.143936
2023-12-13,357.205065
2023-12-14,357.398827
2023-12-15,356.264179
2023-12-18,358.062126
2023-12-19,360.880815
2023-12-20,355.843694
2023-12-21,358.596448
2023-12-22,359.947543
2023-12-26,360.966162
2023-12-27,362.393943
2023-12-28,362.686339
2023-12-29,362.517003
2023-12-29,362.236219
2024-01-02,365.51339
2024-01-03,364.891616
2024-01-04,364.34365
2024-01-05,365.211328
2024-01-08,367.841259
2024-01-09,367.403448
2024-01-10,369.229279
2024-01-11,367.447691
2024-01-12,368.966464
2024-01-16,366.909597
2024-01-17,366.057957
2024-01-18,368.31633
2024-01-19,370.66778
2024-01-22,371.632951
2024-01-23,375.02318
2024-01-24,372.308967
2024-01-25,374.685563
2024-01-26,376.735841
2024-01-29,378.149562
2024-01-30,380.11755
2024-01-31,376.64335
2024-02-01,381.290105
2024-02-02,385.111859
2024-02-05,383.453696
2024-02-06,385.16417
2024-02-07,385.682287
2024-02-08,384.761964
2024-02-09,384.304022
2024-02-12,385.131892
2024-02-13,381.832279
2024-02-14,383.907864
2024-02-15,387.295647
2024-02-16,386.634207
2024-02-20,387.852859
2024-02-21,389.351007
2024-02-22,392.794985
2024-02-23,393.607714
2024-02-26,392.404554
2024-02-27,392.1076
2024-02-28,392.25225
2024-02-29,391.852145
2024-03-01,393.953476
2024-03-04,393.208027
2024-03-05,391.78969
2024-03-06,393.64886
2024-03-07,396.024473
2024-03-08,394.507946
2024-03-11,396.166271
2024-03-12,398.755664
2024-03-13,399.029281
2024-03-14,398.040241
2024-03-15,395.993577
2024-03-18,398.063257
2024-03-19,399.544454
2024-03-20,401.111346
2024-03-21,401.768449
2024-03-22,400.751902
2024-03-25,399.612085
2024-03-26,399.291017
2024-03-27,403.540842
2024-03-28,403.275178
2024-03-28,404.185356
2024-04-01,401.583585
2024-04-02,398.47089
2024-04-03,396.781275
2024-04-04,392.777616
2024-04-05,395.143816
2024-04-08,394.271453
2024-04-09,395.073688
2024-04-10,391.034306
2024-04-11,391.386788
2024-04-12,386.351584
2024-04-15,384.479512
2024-04-16,383.635665
2024-04-17,383.863775
2024-04-18,385.120008
2024-04-19,388.026714
2024-04-22,389.438506
2024-04-23,391.055129
2024-04-24,391.791662
2024-04-25,389.227746
2024-04-26,389.307276
2024-04-29,391.114539
2024-04-30,387.035136
2024-05-01,388.383896
2024-05-02,389.506624
2024-05-03,394.799367
2024-05-06,395.319044
2024-05-07,396.771409
2024-05-08,397.770676
2024-05-09,400.063669
2024-05-10,401.737403
2024-05-13,402.41285
2024-05-14,402.981652
2024-05-15,405.401004
2024-05-16,407.311192
2024-05-17,408.033219
2024-05-20,405.945629
2024-05-21,406.687829
2024-05-22,406.111346
2024-05-23,401.386034
2024-05-24,401.577648
2024-05-28,398.602139
2024-05-29,395.304958
2024-05-30,396.912408
2024-05-31,402.262928
2024-06-03,401.750809
2024-06-04,404.434901
2024-06-05,405.66711
2024-06-06,406.458682
2024-06-07,405.010495
2024-06-10,404.830121
2024-06-11,405.142789
2024-06-12,403.388803
2024-06-13,403.475764
2024-06-14,403.616035
2024-06-17,405.67838
2024-06-18,406.72206
2024-06-20,409.41812
2024-06-21,410.345224
2024-06-24,413.250541
2024-06-25,411.234038
2024-06-26,411.716633
2024-06-27,411.638609
2024-06-28,412.240253
2024-06-28,412.38444
2024-07-01,411.186469
2024-07-02,412.487378
2024-07-03,412.773679
2024-07-05,416.303171
2024-07-08,415.620047
2024-07-09,415.865752
2024-07-10,419.933363
2024-07-11,417.411507
2024-07-12,419.532816
2024-07-15,420.284389
2024-07-16,424.887628
2024-07-17,426.191887
2024-07-18,422.988162
2024-07-19,420.62738
2024-07-22,420.788921
2024-07-23,420.117492
2024-07-24,417.808709
2024-07-25,416.226814
2024-07-26,419.835333
2024-07-29,418.730814
2024-07-30,417.794389
2024-07-31,420.815627
2024-08-01,421.350778
2024-08-02,420.397908
2024-08-05,409.469111
2024-08-06,412.062642
2024-08-07,409.963591
2024-08-08,417.801921
2024-08-09,419.404728
2024-08-12,419.056036
2024-08-13,422.334372
2024-08-14,424.545154
2024-08-15,428.081774
2024-08-16,428.789588
2024-08-19,431.025972
2024-08-20,431.893335
2024-08-21,432.790124
2024-08-22,431.192992
2024-08-23,434.548387
2024-08-26,435.73054
2024-08-27,437.288391
2024-08-28,436.25427
2024-08-29,437.218127
2024-08-30,440.770205
2024-09-03,438.44833
2024-09-04,438.40202
2024-09-05,434.714964
2024-09-06,431.173488
2024-09-09,437.004233
2024-09-10,438.050662
2024-09-11,438.220396
2024-09-12,440.399456
2024-09-13,442.445695
2024-09-16,444.783203
2024-09-17,442.569871
2024-09-18,441.654052
2024-09-19,444.186016
2024-09-20,444.168976
2024-09-23,445.162951
2024-09-24,443.754644
2024-09-25,441.878201
2024-09-26,442.601427
2024-09-27,443.295622
2024-09-30,445.089639
2024-09-30,447.310414
2024-10-01,445.96617
2024-10-02,445.664765
2024-10-03,444.14198
2024-10-04,445.426423
2024-10-07,441.169226
2024-10-08,444.425565
2024-10-09,448.852224
2024-10-10,447.360506
2024-10-11,449.833573
2024-10-14,452.908136
2024-10-15,450.648428
2024-10-16,451.781772
2024-10-17,451.343639
2024-10-18,452.996718
2024-10-21,450.566257
2024-10-22,449.179163
2024-10-23,448.746365
2024-10-24,446.205012
2024-10-25,444.579641
2024-10-28,445.279305
2024-10-29,443.600183
2024-10-30,441.902103
2024-10-31,438.941822
2024-11-01,438.565883
2024-11-04,438.01337
2024-11-05,441.07594
2024-11-06,444.076821
2024-11-07,446.587106
2024-11-08,450.018869
2024-11-11,447.585321
2024-11-12,446.801623
2024-11-13,447.370755
2024-11-14,444.968244
2024-11-15,441.034218
2024-11-18,442.407196
2024-11-19,442.319821
2024-11-20,443.801498
2024-11-21,447.606212
2024-11-22,450.936322
2024-11-25,453.118529
2024-11-26,456.415252
2024-11-27,456.062565
2024-11-29,458.246273
2024-12-02,458.046842
2024-12-03,458.769904
2024-12-04,458.669516
2024-12-05,456.273198
2024-12-06,455.295961
2024-12-09,453.001834
2024-12-10,454.069857
2024-12-11,451.989725
2024-12-12,450.230028
2024-12-13,449.844835
2024-12-16,446.719091
2024-12-17,446.774179
2024-12-18,438.827702
2024-12-19,437.533363
2024-12-20,440.827754
2024-12-23,442.203745
2024-12-24,445.605468
2024-12-26,445.8484
2024-12-27,442.62651
2024-12-30,437.557707
